{
  "properties": {
    "connectionReferences": {
      "shared_office365": {
        "runtimeSource": "embedded",
        "connection": {},
        "api": {
          "name": "shared_office365"
        }
      },
      "shared_sharepointonline": {
        "runtimeSource": "embedded",
        "connection": {},
        "api": {
          "name": "shared_sharepointonline"
        }
      }
    },
    "definition": {
      "$schema": "https://schema.management.azure.com/providers/Microsoft.Logic/schemas/2016-06-01/workflowdefinition.json#",
      "contentVersion": "1.0.0.0",
      "parameters": {
        "$connections": {
          "defaultValue": {},
          "type": "Object"
        },
        "$authentication": {
          "defaultValue": {},
          "type": "SecureObject"
        }
      },
      "triggers": {
        "When_an_item_is_created_or_modified": {
          "recurrence": {
            "frequency": "Minute",
            "interval": 5
          },
          "splitOn": "@triggerOutputs()?['body/value']",
          "metadata": {
            "operationMetadataId": "c04460c5-3e63-4b25-b0b3-4ffb31e68015"
          },
          "type": "OpenApiConnection",
          "inputs": {
            "host": {
              "apiId": "/providers/Microsoft.PowerApps/apis/shared_sharepointonline",
              "connectionName": "shared_sharepointonline",
              "operationId": "GetOnUpdatedItems"
            },
            "parameters": {
              "dataset": "https://tsltransport.sharepoint.com/sites/InformationTechnology/appsetup",
              "table": "df5b3365-8bfe-4d04-bd06-23a6178ec77b"
            },
            "authentication": "@parameters('$authentication')"
          }
        }
      },
      "actions": {
        "Send_an_email_(V2)": {
          "runAfter": {},
          "metadata": {
            "operationMetadataId": "7524f938-7958-4d0b-9f59-26a573a5a4e3"
          },
          "type": "OpenApiConnection",
          "inputs": {
            "host": {
              "apiId": "/providers/Microsoft.PowerApps/apis/shared_office365",
              "connectionName": "shared_office365",
              "operationId": "SendEmailV2"
            },
            "parameters": {
              "emailMessage/To": "oogunleye@tsllimited.com",
              "emailMessage/Subject": "A CUG Record Has Been Created or Modified",
              "emailMessage/Body": "<p>Hello,<br>\n<br>\nKindly review the record on CUG Details SharePoint List.<br>\nThis record ID is @{triggerOutputs()?['body/CUG_x0020_ID']}<br>\n&nbsp;&nbsp;<br>\nHere are some additional details about the record:<br>\nFull Name: @{triggerOutputs()?['body/First_x0020_Name']} &nbsp;@{triggerOutputs()?['body/Last_x0020_Name']}<br>\nEmail Address: @{triggerOutputs()?['body/Employee_Email_Address']}.<br>\nNIN: @{triggerOutputs()?['body/NIN']}.<br>\nMSISDN: @{triggerOutputs()?['body/Glo_Phone_Number']}.<br>\nApproval Status: @{triggerOutputs()?['body/Approval_x0020_Status/Value']}.<br>\n<br>\nRegards,<br>\nIT Service Desk<br>\n</p>",
              "emailMessage/Importance": "Normal"
            },
            "authentication": "@parameters('$authentication')"
          }
        }
      }
    },
    "templateName": null
  },
  "schemaVersion": "1.0.0.0"
}