<ImportExportXml xmlns:xsi="http://www.w3.org/2001/XMLSchema-instance">
  <Entities></Entities>
  <Roles></Roles>
  <Workflows>
    <Workflow WorkflowId="{38446e78-28eb-ed11-8848-000d3a2fdacf}" Name="CUGRecordNotification_CUG_Manager">
      <JsonFileName>/Workflows/CUGRecordNotification_CUG_Manager-38446E78-28EB-ED11-8848-000D3A2FDACF.json</JsonFileName>
      <Type>1</Type>
      <Subprocess>0</Subprocess>
      <Category>5</Category>
      <Mode>0</Mode>
      <Scope>4</Scope>
      <OnDemand>0</OnDemand>
      <TriggerOnCreate>0</TriggerOnCreate>
      <TriggerOnDelete>0</TriggerOnDelete>
      <AsyncAutodelete>0</AsyncAutodelete>
      <SyncWorkflowLogOnFailure>0</SyncWorkflowLogOnFailure>
      <StateCode>1</StateCode>
      <StatusCode>2</StatusCode>
      <RunAs>1</RunAs>
      <IsTransacted>1</IsTransacted>
      <IntroducedVersion>1.0.0.0</IntroducedVersion>
      <IsCustomizable>1</IsCustomizable>
      <BusinessProcessType>0</BusinessProcessType>
      <IsCustomProcessingStepAllowedForOtherPublishers>1</IsCustomProcessingStepAllowedForOtherPublishers>
      <PrimaryEntity>none</PrimaryEntity>
      <LocalizedNames>
        <LocalizedName languagecode="1033" description="CUGRecordNotification_CUG_Manager" />
      </LocalizedNames>
    </Workflow>
  </Workflows>
  <FieldSecurityProfiles></FieldSecurityProfiles>
  <Templates />
  <EntityMaps />
  <EntityRelationships />
  <OrganizationSettings />
  <optionsets />
  <CustomControls />
  <EntityDataProviders />
  <CanvasApps>
    <CanvasApp>
      <Name>tsl_cugmanager_7c9fb</Name>
      <AppVersion>2023-05-03T12:02:04Z</AppVersion>
      <Status>Ready</Status>
      <CreatedByClientVersion>3.23043.16.0</CreatedByClientVersion>
      <MinClientVersion>3.23043.16.0</MinClientVersion>
      <Tags>{"sp-site-id":"https://tsltransport.sharepoint.com/sites/InformationTechnology/appsetup","sp-list-id":"df5b3365-8bfe-4d04-bd06-23a6178ec77b","https://tsltransport.sharepoint.com/sites/InformationTechnology/appsetup":"df5b3365-8bfe-4d04-bd06-23a6178ec77b","primaryDeviceWidth":"640","primaryDeviceHeight":"1136","supportsPortrait":"true","supportsLandscape":"true","primaryFormFactor":"Phone","publisherVersion":"3.23043.16","minimumRequiredApiVersion":"2.2.0","hasComponent":"false","hasUnlockedComponent":"false","isUnifiedRootApp":"false","sienaVersion":"20230503T120204Z-3.23043.16.0"}</Tags>
      <IsCdsUpgraded>0</IsCdsUpgraded>
      <GalleryItemId xsi:nil="true"></GalleryItemId>
      <BackgroundColor>rgba(255, 255, 255, 1)</BackgroundColor>
      <DisplayName>CUG Manager</DisplayName>
      <Description>CUG Manager helps you view and create CUG record</Description>
      <CommitMessage xsi:nil="true"></CommitMessage>
      <Publisher xsi:nil="true"></Publisher>
      <AuthorizationReferences>[]</AuthorizationReferences>
      <ConnectionReferences>{"b61d73b3-57f9-4b6f-8811-48032d138f5e":{"id":"/providers/microsoft.powerapps/apis/shared_sharepointonline","displayName":"SharePoint","iconUri":"https://connectoricons-prod.azureedge.net/releases/v1.0.1627/1.0.1627.3238/sharepointonline/icon.png","dataSources":["CUG Details list"],"dependencies":[],"dependents":["b99712d2-3008-4aaf-9a8a-a21d082a849a"],"parameterHints":{},"parameterHintsV2":{},"isOnPremiseConnection":false,"bypassConsent":false,"dataSets":{"https://tsltransport.sharepoint.com/sites/InformationTechnology/appsetup":{"dataSources":{"CUG Details list":{"tableName":"df5b3365-8bfe-4d04-bd06-23a6178ec77b"}}}},"apiTier":"Standard","actions":["providers/PowerPlatform.Governance/Operations/Read","providers/PowerPlatform.Governance/Operations/Write"]},"b99712d2-3008-4aaf-9a8a-a21d082a849a":{"id":"/providers/microsoft.powerapps/apis/shared_logicflows","displayName":"Logic flows","iconUri":"https://connectoricons-prod.azureedge.net/releases/v1.0.1615/1.0.1615.3163/logicflows/icon.png","dataSources":["CUGRecord"],"dependencies":["b61d73b3-57f9-4b6f-8811-48032d138f5e"],"dependents":[],"parameterHints":{"workflowName":{"value":"7b5cd05d-7c59-43d2-864c-38e0cbe4b42e"},"workflowEntityId":{},"b61d73b3-57f9-4b6f-8811-48032d138f5e":{"value":"shared_sharepointonline"}},"parameterHintsV2":{"workflowName":{"value":"7b5cd05d-7c59-43d2-864c-38e0cbe4b42e"},"workflowEntityId":{},"shared_sharepointonline":{"value":"b61d73b3-57f9-4b6f-8811-48032d138f5e"}},"isOnPremiseConnection":false,"bypassConsent":false,"dataSets":{},"apiTier":"Standard","actions":["Run"]}}</ConnectionReferences>
      <DatabaseReferences>{}</DatabaseReferences>
      <AppComponents>[]</AppComponents>
      <AppComponentDependencies>[]</AppComponentDependencies>
      <CanConsumeAppPass>1</CanConsumeAppPass>
      <CanvasAppType>0</CanvasAppType>
      <BypassConsent>0</BypassConsent>
      <AdminControlBypassConsent>0</AdminControlBypassConsent>
      <EmbeddedApp xsi:nil="true"></EmbeddedApp>
      <IntroducedVersion>1.0</IntroducedVersion>
      <CdsDependencies>{"cdsdependencies":[]}</CdsDependencies>
      <IsCustomizable>1</IsCustomizable>
      <BackgroundImageUri>/CanvasApps/tsl_cugmanager_7c9fb_BackgroundImageUri</BackgroundImageUri>
      <DocumentUri>/CanvasApps/tsl_cugmanager_7c9fb_DocumentUri.msapp</DocumentUri>
    </CanvasApp>
  </CanvasApps>
  <Languages>
    <Language>1033</Language>
  </Languages>
</ImportExportXml>